{
    "accuracy": 0.9689251782214066,
    "auc": 0.9927899737880689,
    "average_precision": 0.6732715719157134,
    "confusion_matrix": [
        [
            379453,
            20578
        ],
        [
            2,
            451
        ]
    ]
}